metric,value
total_portfolio_return,0.10573763985825613
total_benchmark_return,0.07979537001497516
total_active_return,0.02402517232771717
model_active_contribution_sum,0.03145839013485879
allocation_effect,-0.004743671380445422
selection_effect,0.03620206151530422
selection_pure_effect,0.02775491401036109
interaction_effect,0.008447147504943126
model_gap_sum,0.002860689302636587
model_active_return,0.021052035997654484
true_vs_model_active_return_gap,0.0029731363300626867
