metric,value
total_portfolio_return,0.13351836689356733
total_benchmark_return,0.08694670608870236
total_active_return,0.04284631485976864
model_active_return_sum,0.047899028752293765
allocation_effect,-0.004082606961689558
selection_effect,0.05195439326481925
interaction_effect,2.724244916404951e-05
total_attribution_effect,0.047899028752293744
unexplained_active_gap,0.004328990801293531
