metric,value
total_portfolio_return,0.12756587540511144
total_benchmark_return,0.08467917250741874
total_active_return,0.039538606423642264
model_active_contribution_sum,0.04721431409251786
allocation_effect,-0.00437876909028174
selection_effect,0.05159308318279961
selection_pure_effect,0.0422388552171398
interaction_effect,0.009354227965659805
model_gap_sum,0.0023261112767748848
model_active_return,0.03704748402977032
true_vs_model_active_return_gap,0.0024911223938719473
