metric,value
total_portfolio_return,0.09339265959148291
total_benchmark_return,0.15941765854859025
total_active_return,-0.0569466908411248
model_active_contribution_sum,-0.06693742409137614
allocation_effect,-0.05088234624137501
selection_effect,-0.016055077850001123
selection_pure_effect,-0.06918313700690529
interaction_effect,0.05312805915690416
model_gap_sum,0.001723203471323236
model_active_return,-0.05933271416446961
true_vs_model_active_return_gap,0.0023860233233448103
