metric,value
total_portfolio_return,0.13143226351953374
total_benchmark_return,0.08628419110097618
total_active_return,0.04156193451807377
model_active_contribution_sum,0.04915433257508086
allocation_effect,-0.004408789222133912
selection_effect,0.05356312179721478
selection_pure_effect,0.044056684439123445
interaction_effect,0.009506437358091323
model_gap_sum,0.0023963424510825473
model_active_return,0.0389925789817438
true_vs_model_active_return_gap,0.002569355536329976
